id,year,author,text_type,case,source_file,text_label,file_path,text,text_clean
pnr_1999,1999,Poul Nyrup Rasmussen,joint declaration,Thule/Inughuit,pnr_1999.pdf,Thule/Inughuit declaration 1999,data/raw/pnr_1999.pdf,"PNR Fælleserklæring: ''Et Rigsfællesskab i
gensidig respekt''.
Vort Rigsfællesskab har fra begyndelsen bygget på ligeværd, gensidig respekt og
samhørighed.

Danmark og Grønland har en fælles historie, som vi må vedstå - også når historien er
ubehagelig, og når den viser, at menneskers selvværd er blevet krænket.

Landsretten har den 20. august 1999 afsagt dom i sagen om Thule-befolkningens flytning i
1953. Landsretten fastslår, at danske myndigheder dengang handlede retsstridigt.
Flytningen blev besluttet og gennemført på en måde og under omstændigheder, som
indebar et alvorligt indgreb over for befolkningen.

Vi kan ikke ændre de historiske begivenheder, men vi må vedstå og respektere dem. For
med dommen er der sat en grænse for statsmagtens indgreb over for en befolkning.

Ingen kan i dag gøres ansvarlig for tidligere generationers handlinger for snart 50 år siden.
Men i Rigsfællesskabets ånd og med respekt for Grønland og Thules befolkning, vil
regeringen på den danske stats vegne overbringe en undskyldning - utoqqatserpugut - til
Inughuit, Thules befolkning og til hele Grønland for den måde, hvorpå beslutningen om
flytningen blev truffet og gennemført i 1953.

Vi ønsker at fortsætte og styrke vort samarbejde og samhørigheden mellem Danmark og
Grønland. Det dansk-grønlandske samarbejde i Rigsfællesskabet skal også i fremtiden
bygge på gensidig respekt.

Ved Grundlovens ændring i 1953 blev borgerne i Grønland ligestillet med danske borgere.
Med hjemmestyrets indførelse i 1979 fik Grønland sit eget parlament, som indebærer, at
beslutningerne træffes tættere på borgerne i det grønlandske demokrati. En gentagelse af
begivenhederne i 1953 er derfor udelukket.

Vi anerkender de opnåede resultater gennem vort samarbejde og vor samhørighed i årene,
der er forløbet siden begivenhederne i 1953. Vort Rigsfællesskab har gennemlevet en
meget positiv, menneskelig, social og økonomisk udvikling til gavn for befolkningerne både
i Grønland og i Danmark.

Den danske regering vil styrke Grønlands deltagelse i de udenrigs- og sikkerhedspolitiske
forhold, som særligt vedrører Grønlands interesser. Dialogen herom er igangsat, bl.a. på
grundlag af 'Anorak'-udvalgets rapport.

Repræsentanter for Grønlands Landsstyre vil som et led i udbygningen af samarbejdet
blive inddraget i forhandlingsprocessen, når der indgås nye aftaler mellem den danske
regering og fremmede stater, som særligt vedrører Grønlands interesse.

_________________________ _________________________
 Statsminister i Danmark Landsstyreformand i Grønland
","pnr fælleserklæring: ''et rigsfællesskab i gensidig respekt''. vort rigsfællesskab har fra begyndelsen bygget på ligeværd, gensidig respekt og samhørighed. danmark og grønland har en fælles historie, som vi må vedstå - også når historien er ubehagelig, og når den viser, at menneskers selvværd er blevet krænket. landsretten har den 20. august 1999 afsagt dom i sagen om thule-befolkningens flytning i 1953. landsretten fastslår, at danske myndigheder dengang handlede retsstridigt. flytningen blev besluttet og gennemført på en måde og under omstændigheder, som indebar et alvorligt indgreb over for befolkningen. vi kan ikke ændre de historiske begivenheder, men vi må vedstå og respektere dem. for med dommen er der sat en grænse for statsmagtens indgreb over for en befolkning. ingen kan i dag gøres ansvarlig for tidligere generationers handlinger for snart 50 år siden. men i rigsfællesskabets ånd og med respekt for grønland og thules befolkning, vil regeringen på den danske stats vegne overbringe en undskyldning - utoqqatserpugut - til inughuit, thules befolkning og til hele grønland for den måde, hvorpå beslutningen om flytningen blev truffet og gennemført i 1953. vi ønsker at fortsætte og styrke vort samarbejde og samhørigheden mellem danmark og grønland. det dansk-grønlandske samarbejde i rigsfællesskabet skal også i fremtiden bygge på gensidig respekt. ved grundlovens ændring i 1953 blev borgerne i grønland ligestillet med danske borgere. med hjemmestyrets indførelse i 1979 fik grønland sit eget parlament, som indebærer, at beslutningerne træffes tættere på borgerne i det grønlandske demokrati. en gentagelse af begivenhederne i 1953 er derfor udelukket. vi anerkender de opnåede resultater gennem vort samarbejde og vor samhørighed i årene, der er forløbet siden begivenhederne i 1953. vort rigsfællesskab har gennemlevet en meget positiv, menneskelig, social og økonomisk udvikling til gavn for befolkningerne både i grønland og i danmark. den danske regering vil styrke grønlands deltagelse i de udenrigs- og sikkerhedspolitiske forhold, som særligt vedrører grønlands interesser. dialogen herom er igangsat, bl.a. på grundlag af 'anorak'-udvalgets rapport. repræsentanter for grønlands landsstyre vil som et led i udbygningen af samarbejdet blive inddraget i forhandlingsprocessen, når der indgås nye aftaler mellem den danske regering og fremmede stater, som særligt vedrører grønlands interesse. _________________________ _________________________ statsminister i danmark landsstyreformand i grønland "
mindelunden_2005,2005,Anders Fogh Rasmussen,memorial speech,Occupation/refugees,mindelunden_2005.pdf,Occupation/refugees speech 2005,data/raw/mindelunden_2005.pdf,"     Anders Fogh Rasmussens tale ved Mindelunden
     Taler                               Dato                                      Sted
     Anders Fogh Rasmussen               4. maj 2005                               Mindelunden, Hellerup
     Statsminister

     Omstændigheder
     I denne tale fremsættes den første officielle mundtlige danske undskyldning. Daværende statsminister
     Ander Fogh Rasmussen gav i sin tale en undskyldning til de tyske flygtninge, der under besættelsen blev
     afvist, da de søgte tilflugt i Danmark. Anders Fogh Rasmussen kaldte dette en ""plet på Danmarks i øvrigt
     gode omdømme i denne sammenhæng"".

     Før denne undskyldning er der af Poul Nyrup givet en officiel skriftlig dansk undskyldning til Thuleboerne i
     1999 og Mette Frederiksen gav i 2019 en mundtlig undskyldning til Godhavnsdrengene og andre
     tvangsanbragte.



 1   Deres Majestæt, mine damer og herrer

     Da frihedsbudskabet lød fra BBC i London den 4. maj 1945 kl. 20.36, samlede
     det danske folk sig i et fællesskab, en fest og en begejstring, som er det største og
 5   stærkeste, Danmark oplevede i det sidste århundrede.

     Men glæden over befrielsen blev for mange også blandet med en sorg over de
     mange, som betalte med deres liv i kampen mod nazisterne. Og en vrede over de
     ufattelige forbrydelser og lidelser, som nazisterne havde udsat Europa for.
10

     Et sted i Danmark kan det synes særlig svært at festligholde befrielsen i disse
     dage. For Bornholm var krigen ikke slut. 7. og 8. maj 1945 blev Rønne og Nexø
     ramt af krigens gru under et sovjetisk bombardement. 9 døde og et stort antal
     bornholmere mistede deres hjem. For Bornholm sluttede krigen først endeligt
15   den 5. april 1946.

     Her i Ryvangen blev danske frihedskæmpere henrettet af tyskerne. Her i
     Mindelunden ligger gravene for mange af dem, der måtte lade livet i kampen
     mod besættelsesmagten.
20

     Jeg har ikke selv oplevet besættelsen og befrielsen. Men jeg bliver dybt bevæget
     over at stå mellem disse grave. Det er overvældende at tænke på de mange
     skæbner, der skjuler sig bag navnene på gravstenene. Men bag hvert navn stod et
     menneske, som traf et valg. Båret af en dyb overbevisning om, hvad der er


                                          Danske Taler - den levende talesamling
 25   rigtigt, og hvad der er forkert.

     Nazismen var en så ond og gennemført forbryderisk ideologi, at den måtte
     bekæmpes. Men langt ind i krigen var nazisterne så stærke, at modstand kunne
     synes nytteløs.
30

     Heldigvis var der nogle, som gjorde aktiv modstand. De spurgte ikke om, hvad
     der kunne nytte. Men om, hvad der var sandt. De nøjedes ikke med at hytte sig.
     De handlede. De gav deres liv for vores frihed.

35   Det danske folk skylder en stor tak til frihedskæmperne. De reddede Danmarks
     ære. Og de sikrede det danske folks selvrespekt.

     Danske modstandsfolk var en blandet flok. Det ser vi tydeligt her i
     Mindelunden. Der var tale om alle slags mennesker – høj som lav, unge rebeller
40   såvel som gode og solide borgere. Stort set alle professioner var repræsenterede.

     Tag for eksempel ismester Hans Jørgen Henriksen fra Ålborg, som i en alder af
     35 år blev henrettet på pistolbanen her i Ryvangen.

45   Der var også kommunelærer Sven Otto Nielsen. Hans historie er på samme tid
     dybt fascinerende, gribende og tragisk. Efter få måneder som leder af en
     sabotagegruppe, blev han angivet af en stikker. I ildkamp med
     besættelsestropper fik han knust sit ene ben af skud. 36 år gammel blev også han
     henrettet i Ryvangen. Han kunne dårligt stå, da de skød ham.
50

     Men folk døde ikke kun i Danmark. Politifolk, modstandsfolk og mange andre
     døde af udmattelse, sygdom og sult i koncentrationslejrene.

     Kaptajn Tage Fox Maule blev også angivet af en stikker. Han røg i Shellhuset og
55   Vestre Fængsel. Syg af de lidelser, han havde været udsat for, blev han sat på den
     sidste fangetransport mod syd. 12 dage var de undervejs gennem Tyskland i en
     kreaturvogn. En forfærdelig tur. Hans kammerater måtte slæbe ham gennem
     porten til Dachau. Lige inden for porten døde han af udmattelse og sygdom.

60   Danskere sejlede under stor personlig risiko for de allierede. Det er
     overraskende, hvor mange – og hvor mange der ikke overlevede. Det var ikke
     alle, der var så heldige som matrosen Alf Rasmussen. Han overlevede at blive



                                  Danske Taler - den levende talesamling
       torpederet tre gange på otte timer – formentlig af den samme ubåd.
 65

      Nogle danskere valgte at kæmpe på allieret side på landjorden og i luften. En af
      de kendteste var Anders Lassen. Han faldt som bekendt, da han egenhændigt
      angreb en maskingeværrede i Italien. Mindre kendt er måske, at han faktisk
      startede som krigssejler. Ved nyheden om den tyske besættelse tvang han
 70   sammen med de øvrige ombordværende sit skib i land i Sydafrika. Herfra tog
      han til Storbritannien og meldte sig til de engelske specialstyrker.

      Her i Ryvangen bør vores tanker derfor også gå til de danskere, som aldrig
      vendte hjem. Mange fik ikke engang en gravsten. De døde under transporter. I
 75   koncentrationslejre. Eller gik ned med deres skibe.

      Det kan være tungt at tænke på. Værre er, at vi i dag ved, at danske myndigheder
      i nogle tilfælde var medvirkende til at udvise folk til lidelse og død i
      koncentrationslejrene. Det var personer, der søgte tilflugt her i landet fra de
 80   nazistiske forfølgelser af det jødiske folk. Danske myndigheder udleverede disse
      mennesker til nazisterne.

      Også andre, uskyldige mennesker blev med danske myndigheders aktive
      medvirken overladt til en uvis skæbne i det nazistiske regimes hænder. Der er
 85   tale om skamfulde begivenheder. En plet på Danmarks i øvrigt gode omdømme
      i denne sammenhæng.

      Erindringen om besættelsestidens skyggesider hører desværre også med til
      markeringen af 60-året for Befrielsen. Jeg vil derfor gerne - ved netop denne
 90   lejlighed og på dette sted – på regeringens og dermed den danske stats vegne
      beklage og undskylde disse handlinger.

      En undskyldning kan ikke gøre historien om. Men den kan tjene til at erkende
      historiske fejltagelser. Så nuværende og kommende generationer forhåbentlig
 95   undgår lignende fejl i fremtiden.

      I aften må vi ikke glemme, at Danmark blev frit, fordi millionvis af allierede
      soldater kæmpede mod nazisterne. Et besøg på krigskirkegårdene i Normandiet
      er et bevægende vidnesbyrd om de ofre, som unge amerikanere, englændere,
100   canadiere – ja, unge fra hele verden – gav i kampen mod nazismen og for
      friheden.



                                 Danske Taler - den levende talesamling
       I Danmark vil vi aldrig glemme de allierede flyvere, som forsynede den danske
105   modstandsbevægelse med våben og gav det danske folk håb. Og vi vil aldrig
      glemme de britiske soldater, der kom til Danmark som befriere den 5. maj 1945.

      British veterans and soldiers,

110   Thank you for taking time to be present here today. Denmark will never forget
      the sight of British soldiers crossing our borders, landing in our airfields and
      docking in our harbours on the 5th of May. It was indeed a happy day.

      Great Britain showed extraordinary stamina and resolve in the awful days in the
115   summer of 1940.

      The Nazi armies seemed invincible. Despite heavy losses and horrific
      bombardments of London and other British cities, you stood firm. In a
      situation that seemed hopeless you managed to keep a flicker of hope burning
120   in the occupied countries. In Denmark, too. We are eternally grateful that you
      did not give up. That you rejected all thought of a compromise with Hitler.
      That you kept on fighting.

      Deres Majestæt, mine damer og herrer,
125

      I aften mindes vi de frihedskæmpere, som gav deres liv for, at vi i dag kan leve i
      frihed, fred og fremgang. Mange af dem var ganske unge. Én af dem var Kim
      Malthe-Bruun. Kim blev henrettet af tyskerne den 6. april 1945 sammen med
      tre andre. Han var da 21 år. I afskedsbrevet til sin mor skriver han bl.a.: ”Jeg har
130   vandret ad en vej, som jeg ikke har fortrudt. Jeg har aldrig svigtet, hvad der i mit
      hjerte slog. Og jeg synes nu, at jeg kan se en sammenhæng. Jeg er ikke gammel.
      Jeg burde ikke dø, og dog synes det mig så naturligt, så ligetil.”

      Vi er en stor tak skyldig til de, der fulgte deres hjerte og kæmpede for, hvad de
135   fandt rigtigt. Mange af dem betalte den fulde og højeste pris.

      Æret være deres minde.


      Kilde
140   stm.dk




                                  Danske Taler - den levende talesamling
       Kildetype
      Dokumentation på online medie


      Tags
      Mindetale, Undskyldningstale, Venstre
145

      URI
      https://www.dansketaler.dk/tale/anders-fogh-rasmussens-tale-i-mindelunden




150




155




160




165




170




175




                                                 Danske Taler - den levende talesamling
"," anders fogh rasmussens tale ved mindelunden taler dato sted anders fogh rasmussen 4. maj 2005 mindelunden, hellerup statsminister omstændigheder i denne tale fremsættes den første officielle mundtlige danske undskyldning. daværende statsminister ander fogh rasmussen gav i sin tale en undskyldning til de tyske flygtninge, der under besættelsen blev afvist, da de søgte tilflugt i danmark. anders fogh rasmussen kaldte dette en ""plet på danmarks i øvrigt gode omdømme i denne sammenhæng"". før denne undskyldning er der af poul nyrup givet en officiel skriftlig dansk undskyldning til thuleboerne i 1999 og mette frederiksen gav i 2019 en mundtlig undskyldning til godhavnsdrengene og andre tvangsanbragte. 1 deres majestæt, mine damer og herrer da frihedsbudskabet lød fra bbc i london den 4. maj 1945 kl. 20.36, samlede det danske folk sig i et fællesskab, en fest og en begejstring, som er det største og 5 stærkeste, danmark oplevede i det sidste århundrede. men glæden over befrielsen blev for mange også blandet med en sorg over de mange, som betalte med deres liv i kampen mod nazisterne. og en vrede over de ufattelige forbrydelser og lidelser, som nazisterne havde udsat europa for. 10 et sted i danmark kan det synes særlig svært at festligholde befrielsen i disse dage. for bornholm var krigen ikke slut. 7. og 8. maj 1945 blev rønne og nexø ramt af krigens gru under et sovjetisk bombardement. 9 døde og et stort antal bornholmere mistede deres hjem. for bornholm sluttede krigen først endeligt 15 den 5. april 1946. her i ryvangen blev danske frihedskæmpere henrettet af tyskerne. her i mindelunden ligger gravene for mange af dem, der måtte lade livet i kampen mod besættelsesmagten. 20 jeg har ikke selv oplevet besættelsen og befrielsen. men jeg bliver dybt bevæget over at stå mellem disse grave. det er overvældende at tænke på de mange skæbner, der skjuler sig bag navnene på gravstenene. men bag hvert navn stod et menneske, som traf et valg. båret af en dyb overbevisning om, hvad der er danske taler - den levende talesamling 25 rigtigt, og hvad der er forkert. nazismen var en så ond og gennemført forbryderisk ideologi, at den måtte bekæmpes. men langt ind i krigen var nazisterne så stærke, at modstand kunne synes nytteløs. 30 heldigvis var der nogle, som gjorde aktiv modstand. de spurgte ikke om, hvad der kunne nytte. men om, hvad der var sandt. de nøjedes ikke med at hytte sig. de handlede. de gav deres liv for vores frihed. 35 det danske folk skylder en stor tak til frihedskæmperne. de reddede danmarks ære. og de sikrede det danske folks selvrespekt. danske modstandsfolk var en blandet flok. det ser vi tydeligt her i mindelunden. der var tale om alle slags mennesker – høj som lav, unge rebeller 40 såvel som gode og solide borgere. stort set alle professioner var repræsenterede. tag for eksempel ismester hans jørgen henriksen fra ålborg, som i en alder af 35 år blev henrettet på pistolbanen her i ryvangen. 45 der var også kommunelærer sven otto nielsen. hans historie er på samme tid dybt fascinerende, gribende og tragisk. efter få måneder som leder af en sabotagegruppe, blev han angivet af en stikker. i ildkamp med besættelsestropper fik han knust sit ene ben af skud. 36 år gammel blev også han henrettet i ryvangen. han kunne dårligt stå, da de skød ham. 50 men folk døde ikke kun i danmark. politifolk, modstandsfolk og mange andre døde af udmattelse, sygdom og sult i koncentrationslejrene. kaptajn tage fox maule blev også angivet af en stikker. han røg i shellhuset og 55 vestre fængsel. syg af de lidelser, han havde været udsat for, blev han sat på den sidste fangetransport mod syd. 12 dage var de undervejs gennem tyskland i en kreaturvogn. en forfærdelig tur. hans kammerater måtte slæbe ham gennem porten til dachau. lige inden for porten døde han af udmattelse og sygdom. 60 danskere sejlede under stor personlig risiko for de allierede. det er overraskende, hvor mange – og hvor mange der ikke overlevede. det var ikke alle, der var så heldige som matrosen alf rasmussen. han overlevede at blive danske taler - den levende talesamling torpederet tre gange på otte timer – formentlig af den samme ubåd. 65 nogle danskere valgte at kæmpe på allieret side på landjorden og i luften. en af de kendteste var anders lassen. han faldt som bekendt, da han egenhændigt angreb en maskingeværrede i italien. mindre kendt er måske, at han faktisk startede som krigssejler. ved nyheden om den tyske besættelse tvang han 70 sammen med de øvrige ombordværende sit skib i land i sydafrika. herfra tog han til storbritannien og meldte sig til de engelske specialstyrker. her i ryvangen bør vores tanker derfor også gå til de danskere, som aldrig vendte hjem. mange fik ikke engang en gravsten. de døde under transporter. i 75 koncentrationslejre. eller gik ned med deres skibe. det kan være tungt at tænke på. værre er, at vi i dag ved, at danske myndigheder i nogle tilfælde var medvirkende til at udvise folk til lidelse og død i koncentrationslejrene. det var personer, der søgte tilflugt her i landet fra de 80 nazistiske forfølgelser af det jødiske folk. danske myndigheder udleverede disse mennesker til nazisterne. også andre, uskyldige mennesker blev med danske myndigheders aktive medvirken overladt til en uvis skæbne i det nazistiske regimes hænder. der er 85 tale om skamfulde begivenheder. en plet på danmarks i øvrigt gode omdømme i denne sammenhæng. erindringen om besættelsestidens skyggesider hører desværre også med til markeringen af 60-året for befrielsen. jeg vil derfor gerne - ved netop denne 90 lejlighed og på dette sted – på regeringens og dermed den danske stats vegne beklage og undskylde disse handlinger. en undskyldning kan ikke gøre historien om. men den kan tjene til at erkende historiske fejltagelser. så nuværende og kommende generationer forhåbentlig 95 undgår lignende fejl i fremtiden. i aften må vi ikke glemme, at danmark blev frit, fordi millionvis af allierede soldater kæmpede mod nazisterne. et besøg på krigskirkegårdene i normandiet er et bevægende vidnesbyrd om de ofre, som unge amerikanere, englændere, 100 canadiere – ja, unge fra hele verden – gav i kampen mod nazismen og for friheden. danske taler - den levende talesamling i danmark vil vi aldrig glemme de allierede flyvere, som forsynede den danske 105 modstandsbevægelse med våben og gav det danske folk håb. og vi vil aldrig glemme de britiske soldater, der kom til danmark som befriere den 5. maj 1945. british veterans and soldiers, 110 thank you for taking time to be present here today. denmark will never forget the sight of british soldiers crossing our borders, landing in our airfields and docking in our harbours on the 5th of may. it was indeed a happy day. great britain showed extraordinary stamina and resolve in the awful days in the 115 summer of 1940. the nazi armies seemed invincible. despite heavy losses and horrific bombardments of london and other british cities, you stood firm. in a situation that seemed hopeless you managed to keep a flicker of hope burning 120 in the occupied countries. in denmark, too. we are eternally grateful that you did not give up. that you rejected all thought of a compromise with hitler. that you kept on fighting. deres majestæt, mine damer og herrer, 125 i aften mindes vi de frihedskæmpere, som gav deres liv for, at vi i dag kan leve i frihed, fred og fremgang. mange af dem var ganske unge. én af dem var kim malthe-bruun. kim blev henrettet af tyskerne den 6. april 1945 sammen med tre andre. han var da 21 år. i afskedsbrevet til sin mor skriver han bl.a.: ”jeg har 130 vandret ad en vej, som jeg ikke har fortrudt. jeg har aldrig svigtet, hvad der i mit hjerte slog. og jeg synes nu, at jeg kan se en sammenhæng. jeg er ikke gammel. jeg burde ikke dø, og dog synes det mig så naturligt, så ligetil.” vi er en stor tak skyldig til de, der fulgte deres hjerte og kæmpede for, hvad de 135 fandt rigtigt. mange af dem betalte den fulde og højeste pris. æret være deres minde. kilde 140 stm.dk danske taler - den levende talesamling kildetype dokumentation på online medie tags mindetale, undskyldningstale, venstre 145 uri https://www.dansketaler.dk/tale/anders-fogh-rasmussens-tale-i-mindelunden 150 155 160 165 170 175 danske taler - den levende talesamling "
godhavn_2019,2019,Mette Frederiksen,speech,Godhavn Boys,godhavn_2019.pdf,Godhavn Boys speech 2019,data/raw/godhavn_2019.pdf,"Statsminister Mette Frederiksens tale ved
arrangement for Godhavnsdrengene og andre
børnehjemsbørn den 13. august 2019
Det talte ord gælder

Kære alle sammen

For nogle år siden gav jeg dig, Poul Erik, et løfte, som du gav videre til godhavnsdrengene.
Jeg har tænkt over, om I dengang tænkte: Det kommer hun ikke til at opfylde.

Men jeg vil indfri mit løfte. I dag vil Danmark give en undskyldning for det, der skete, da I
var børn.

I vores tid blev der begået alvorlige svigt af og overgreb på børn i samfundets varetægt. Det
skete i en tid, hvor staten var ansvarlig for tilsynet.

Det er velbelyst. Ingen kan være uberørte af Sarah Smeds beretning.

Børn – nogle af jer – blev fjernet fra deres mor og far.

Men i stedet for støtte og undervisning – blev I sat til arbejde, som ingen spinkel
barnekrop kan klare.

I stedet for omsorg – fik I tæsk.

I stedet for varme – blev I mødt med ydmygelser og overgreb.

En dreng fra Godhavn har fortalt, at en lille dreng, der græd af hjemve, blev tævet så
meget, at han brækkede sin arm.

De, der tissede i sengen om natten, blev næste morgen stillet ud i gården med deres våde
lagener. Så alle kunne grine ad dem.

Et af de mange overgreb, der har gjort kæmpe stort indtryk på mig.

Og det er præcis den samme afstraffelse af en lille pige på et børnehjem, som for mere end
100 år siden var med til at starte Peter Sabroes kamp for børns rettigheder i Danmark.

Hans hjerte ville have blødt, hvis han havde levet til at bevidne det, som I oplevede så
mange år efter.

For nogle år siden kom filmen om Godhavn. Nogle af jer var konsulenter på filmen ”Der
kommer en dag.” Poul Erik og Arne – I er her i dag.
 En af jer har sagt, at filmen er en underspillet dokumentar.

Underspillet, fordi man i fiktionen var nødt til at lægge et håb ind i håbløsheden. For at det
ikke skulle blive så sort i sort, at publikum ikke magtede at se filmen.

Jeg har selv forsøgt at se filmen to gange. Men kunne ikke.

Nogle af jer har sagt, at det værste ikke var det, som skete.

Det værste var det, der ikke skete. Intet samvær. Ingen trøst. Ingen omsorg. Ingen arm om
skulderen.

Ingen kærlighed.

Tværtimod fik I at vide, at det, der skete, var jeres egen skyld.

Men det var ikke jeres skyld. Det er aldrig børnenes skyld. Det er de voksnes skyld.

De voksne, der udfører uhyrlighederne. Og de voksne, der ikke griber ind.

Det samfund, der lukker øjnene.

Man spørger sig selv: Hvordan var det muligt?

I 1960’erne og 70’erne var Danmark på vej mod en ny tid.

Større velstand. Oprør mod autoriteter. Ud med den sorte skole.

I de år byggede vi velfærdssamfundet. Et Danmark, hvor vi tror på alle. Lige muligheder.
Løfter dem, der falder.

Midt i alt det lå Godhavn og andre børnehjem som uhyggelige tidslommer. Som
skamstøtter over, at nogle ikke var med indenfor. Men blev holdt udenfor.

Overset. Glemt. Kasseret.

Voksede op i skyggen, uden håb om en plads i solen.

Et sted, hvor børn ikke var børn. Fordi de voksne ikke var voksne.

Det er i mine øjne et af de mørkeste kapitler i Danmarkshistorien.

Og det er i modstrid med alt, hvad Danmark står for. Tryghed. Lighed. Retfærdighed.

Jeg er af den overbevisning, at vi bliver nødt til at se tilbage på vores mørke kapitler.

Ellers magter vi ikke at male fremtiden lys. Og det er jo det, vi skal.
 ***



Og alt det bringer mig frem til det ord, som har været alt for længe undervejs.

Mange af jer har måttet leve med ar på krop og sjæl. En del har levet dårlige liv siden.
Andre har kæmpet sig til et godt liv.

Sammen har I kæmpet for én ting: En officiel undskyldning fra Danmark.

Jeg ved godt, at andre har den indvending, at vi, der har magten i dag, ikke kan tage
skylden for noget, der skete engang.

Det er rigtigt. Jeg kan ikke påtage mig skylden.

Men jeg kan på Danmarks vegne påtage mig ansvaret for, at I får den oprejsning, I
fortjener.

Nogle mener, at det var en anden tid. Det er også rigtigt.

Men de uhyrligheder, der blev bedrevet dengang, var også forkerte dengang.

Så er der dem, der siger, at vi i Danmark ikke har tradition for at undskylde tilbage i
historie.

Det er så sandt, som det er sagt. Men skal det binde os? Nej! Det er aldrig for sent at gøre
det rigtige.

Man kan gøre ting svære. Som egentlig er enkle.

For mig handler det om retfærdighed.

Retfærdighed for jer, der så brutalt fik stjålet jeres eneste barndom.

I er her. Heldigvis!

Derfor. Når I spørger mig: Mette, kan du officielt på Danmarks vegne give os en
undskyldning?

Så svarer jeg – ja!

Jeg siger ja til godhavnsdrengene. Jeg siger ja til alle børnehjemsbørn, der led overlast.

I dag er jeres dag.
 Og der kommer flere dage.

Jeg vil gå videre.

I sidste måned havde jeg besøg af Grønlands landsstyreformand Kim Kielsen.

Vi talte om de grønlandske børn, som man besluttede skulle være danske.

Kim ønsker, at det arbejde, der er i gang med at udrede forholdene, skal være færdigt, før
de, der var børn dengang, får en undskyldning. Det respekterer jeg. Men jeg er villig til at
sige undskyld.

Og der er også andre, som har lidt overlast.

I børnehjemsbørn, der er her i dag, er ikke de eneste, som blev udsat for svigt og overgreb.
Desværre.

Det blev andre også. For eksempel mennesker med handicap.

Til alle jer andre, vil jeg sige: I har også krav på at få jeres historie frem. Ligesom
børnehjemsbørnene har fået det med Godhavnsrapporten.

Samfundet skulle passe på jer. Men der skete det modsatte – I blev gjort fortræd.

Det, der skete, var forkert. Så forkert, som noget kan være.

Vi skal afdække, hvad der skete. Vi skal lære af historiens fejl.

Jeg vil åbne dørene til de mørke kapitler i vores historie. Kaste lys på fortiden. Og give
ofrene oprejsning.

Mens tid er.

I det Danmark, som jeg tror på, står ingen udenfor.

Jeg vil være statsminister for alle. Også for dem, som andre glemmer.

Jeg ønsker en ny og mere retfærdig retning for Danmark.

Med forståelse, anerkendelse og respekt.

Den næste her på talerstolen er en mand, som jeg har kæmpe respekt for. Poul Erik
Rasmussen, formand for foreningen Godhavnsdrengene. Uden det arbejde, du og andre
har gjort, var vi ikke her i dag.

Før Poul Erik kommer herop, vil børnekoret synge ”Et hav, der vugger sig til ro.”

Og efter Poul Eriks tale vil Sofie Gråbøl læse digte for os. Og Sebastian vil synge for os.
 I dag er de store følelsers dag. Vi har brug for kunsten til at støtte os, hvor vi selv kan
mangle ord.

Men inden da er ét ord vigtigere end noget andet.

Poul Erik, du har sagt, at det at få en undskyldning er en følelse af at have rendt rundt med
en sæk cement på ryggen. Og den bliver løftet af skuldrene.

Jeg tror, enhver vil forstå, at når man bærer en sæk cement på ryggen. Så ser man mest
ned i jorden.

Men når fortidens tunge bagage er sluppet. Så kan I ranke ryggen. Og løfte blikket. Og se
frem i livet.

Og vi andre kan tillade os at se jer i øjnene igen.

Kære alle sammen.

I har ventet længe. Nu skal I ikke vente mere.

På vegne af vores fortid, vores nutid og vores fælles fremtid – vil jeg se jer i øjnene, hver og
en, og sige jer undskyld for den uret, der er gjort mod jer og jeres kære.

For dem, der er her. For dem, der var. Og for dem, der følger efter.

På vegne af hele Danmark – undskyld.
","statsminister mette frederiksens tale ved arrangement for godhavnsdrengene og andre børnehjemsbørn den 13. august 2019 det talte ord gælder kære alle sammen for nogle år siden gav jeg dig, poul erik, et løfte, som du gav videre til godhavnsdrengene. jeg har tænkt over, om i dengang tænkte: det kommer hun ikke til at opfylde. men jeg vil indfri mit løfte. i dag vil danmark give en undskyldning for det, der skete, da i var børn. i vores tid blev der begået alvorlige svigt af og overgreb på børn i samfundets varetægt. det skete i en tid, hvor staten var ansvarlig for tilsynet. det er velbelyst. ingen kan være uberørte af sarah smeds beretning. børn – nogle af jer – blev fjernet fra deres mor og far. men i stedet for støtte og undervisning – blev i sat til arbejde, som ingen spinkel barnekrop kan klare. i stedet for omsorg – fik i tæsk. i stedet for varme – blev i mødt med ydmygelser og overgreb. en dreng fra godhavn har fortalt, at en lille dreng, der græd af hjemve, blev tævet så meget, at han brækkede sin arm. de, der tissede i sengen om natten, blev næste morgen stillet ud i gården med deres våde lagener. så alle kunne grine ad dem. et af de mange overgreb, der har gjort kæmpe stort indtryk på mig. og det er præcis den samme afstraffelse af en lille pige på et børnehjem, som for mere end 100 år siden var med til at starte peter sabroes kamp for børns rettigheder i danmark. hans hjerte ville have blødt, hvis han havde levet til at bevidne det, som i oplevede så mange år efter. for nogle år siden kom filmen om godhavn. nogle af jer var konsulenter på filmen ”der kommer en dag.” poul erik og arne – i er her i dag. en af jer har sagt, at filmen er en underspillet dokumentar. underspillet, fordi man i fiktionen var nødt til at lægge et håb ind i håbløsheden. for at det ikke skulle blive så sort i sort, at publikum ikke magtede at se filmen. jeg har selv forsøgt at se filmen to gange. men kunne ikke. nogle af jer har sagt, at det værste ikke var det, som skete. det værste var det, der ikke skete. intet samvær. ingen trøst. ingen omsorg. ingen arm om skulderen. ingen kærlighed. tværtimod fik i at vide, at det, der skete, var jeres egen skyld. men det var ikke jeres skyld. det er aldrig børnenes skyld. det er de voksnes skyld. de voksne, der udfører uhyrlighederne. og de voksne, der ikke griber ind. det samfund, der lukker øjnene. man spørger sig selv: hvordan var det muligt? i 1960’erne og 70’erne var danmark på vej mod en ny tid. større velstand. oprør mod autoriteter. ud med den sorte skole. i de år byggede vi velfærdssamfundet. et danmark, hvor vi tror på alle. lige muligheder. løfter dem, der falder. midt i alt det lå godhavn og andre børnehjem som uhyggelige tidslommer. som skamstøtter over, at nogle ikke var med indenfor. men blev holdt udenfor. overset. glemt. kasseret. voksede op i skyggen, uden håb om en plads i solen. et sted, hvor børn ikke var børn. fordi de voksne ikke var voksne. det er i mine øjne et af de mørkeste kapitler i danmarkshistorien. og det er i modstrid med alt, hvad danmark står for. tryghed. lighed. retfærdighed. jeg er af den overbevisning, at vi bliver nødt til at se tilbage på vores mørke kapitler. ellers magter vi ikke at male fremtiden lys. og det er jo det, vi skal. *** og alt det bringer mig frem til det ord, som har været alt for længe undervejs. mange af jer har måttet leve med ar på krop og sjæl. en del har levet dårlige liv siden. andre har kæmpet sig til et godt liv. sammen har i kæmpet for én ting: en officiel undskyldning fra danmark. jeg ved godt, at andre har den indvending, at vi, der har magten i dag, ikke kan tage skylden for noget, der skete engang. det er rigtigt. jeg kan ikke påtage mig skylden. men jeg kan på danmarks vegne påtage mig ansvaret for, at i får den oprejsning, i fortjener. nogle mener, at det var en anden tid. det er også rigtigt. men de uhyrligheder, der blev bedrevet dengang, var også forkerte dengang. så er der dem, der siger, at vi i danmark ikke har tradition for at undskylde tilbage i historie. det er så sandt, som det er sagt. men skal det binde os? nej! det er aldrig for sent at gøre det rigtige. man kan gøre ting svære. som egentlig er enkle. for mig handler det om retfærdighed. retfærdighed for jer, der så brutalt fik stjålet jeres eneste barndom. i er her. heldigvis! derfor. når i spørger mig: mette, kan du officielt på danmarks vegne give os en undskyldning? så svarer jeg – ja! jeg siger ja til godhavnsdrengene. jeg siger ja til alle børnehjemsbørn, der led overlast. i dag er jeres dag. og der kommer flere dage. jeg vil gå videre. i sidste måned havde jeg besøg af grønlands landsstyreformand kim kielsen. vi talte om de grønlandske børn, som man besluttede skulle være danske. kim ønsker, at det arbejde, der er i gang med at udrede forholdene, skal være færdigt, før de, der var børn dengang, får en undskyldning. det respekterer jeg. men jeg er villig til at sige undskyld. og der er også andre, som har lidt overlast. i børnehjemsbørn, der er her i dag, er ikke de eneste, som blev udsat for svigt og overgreb. desværre. det blev andre også. for eksempel mennesker med handicap. til alle jer andre, vil jeg sige: i har også krav på at få jeres historie frem. ligesom børnehjemsbørnene har fået det med godhavnsrapporten. samfundet skulle passe på jer. men der skete det modsatte – i blev gjort fortræd. det, der skete, var forkert. så forkert, som noget kan være. vi skal afdække, hvad der skete. vi skal lære af historiens fejl. jeg vil åbne dørene til de mørke kapitler i vores historie. kaste lys på fortiden. og give ofrene oprejsning. mens tid er. i det danmark, som jeg tror på, står ingen udenfor. jeg vil være statsminister for alle. også for dem, som andre glemmer. jeg ønsker en ny og mere retfærdig retning for danmark. med forståelse, anerkendelse og respekt. den næste her på talerstolen er en mand, som jeg har kæmpe respekt for. poul erik rasmussen, formand for foreningen godhavnsdrengene. uden det arbejde, du og andre har gjort, var vi ikke her i dag. før poul erik kommer herop, vil børnekoret synge ”et hav, der vugger sig til ro.” og efter poul eriks tale vil sofie gråbøl læse digte for os. og sebastian vil synge for os. i dag er de store følelsers dag. vi har brug for kunsten til at støtte os, hvor vi selv kan mangle ord. men inden da er ét ord vigtigere end noget andet. poul erik, du har sagt, at det at få en undskyldning er en følelse af at have rendt rundt med en sæk cement på ryggen. og den bliver løftet af skuldrene. jeg tror, enhver vil forstå, at når man bærer en sæk cement på ryggen. så ser man mest ned i jorden. men når fortidens tunge bagage er sluppet. så kan i ranke ryggen. og løfte blikket. og se frem i livet. og vi andre kan tillade os at se jer i øjnene igen. kære alle sammen. i har ventet længe. nu skal i ikke vente mere. på vegne af vores fortid, vores nutid og vores fælles fremtid – vil jeg se jer i øjnene, hver og en, og sige jer undskyld for den uret, der er gjort mod jer og jeres kære. for dem, der er her. for dem, der var. og for dem, der følger efter. på vegne af hele danmark – undskyld. "
greenlandic_children_letter_2020,2020,Mette Frederiksen,letter,Greenlandic children 1951,greenlandic_children_letter_2020.pdf,Greenlandic children letter 2020,data/raw/greenlandic_children_letter_2020.pdf,"                                                København, den 8. december 2020




Kære

For snart 70 år siden blev du og 21 andre grønlandske børn udvalgt til at være med i
et forsøg, som mærkede mange af jer for livet.

Du blev flyttet fra din familie i Grønland til Danmark   —   et fremmed land afskåret fra
dine nærmeste.

I første omgang var hensigten at give dig og de andre børn et bedre liv, men som
forsøget skred frem, kom det også til at handle om, at du og de øvrige kunne vende
tilbage til Grønland som brobyggere, der kunne hjælpe Grønland fremad.

Du blev ikke spurgt, om du ville deltage. Ingen fortalte dig, hvad der ventede. Og de
af jer, der vendte tilbage til Grønland, blev endda som en del af forsøget anbragt på
børnehjem i Nuuk. I mistede kontakten til jeres nærmeste familie, jeres livshistorie
og dermed jeres rødder. Hele det fundament, som et hvert barn ethvert menneske
                                                                    —




— har brug for og krav på. Det bør ingen børn udsættes for.

Jeg kan dårligt forestille mig, hvor ensomt og skræmmende det må have været.
                                          -2-



Vi kan ikke lave om på fortiden, men vi kan forholde os til den. Og når jeg gør
det, er der ingen tvivl: Du fortjener en undskyldning fra Danmark. For det som blev
gjort og det, der ikke blev gjort. For at blive svigtet af dem, som burde have sat dit
     —




tarv først.

Jeg ved godt, at et enkelt brev og et enkelt ord ikke kan opveje et helt livs
                              —                  —




afsavn. Og det er selvsagt dig, der afgør, om undskyldningen kan bruges i dit videre
liv.

Med de varmeste tanker og den dybeste respekt for alt det, du har kæmpet med,
giver jeg dig et uforbeholdent:

Undskyld!


                                  Med venlig hilsen
"," københavn, den 8. december 2020 kære for snart 70 år siden blev du og 21 andre grønlandske børn udvalgt til at være med i et forsøg, som mærkede mange af jer for livet. du blev flyttet fra din familie i grønland til danmark — et fremmed land afskåret fra dine nærmeste. i første omgang var hensigten at give dig og de andre børn et bedre liv, men som forsøget skred frem, kom det også til at handle om, at du og de øvrige kunne vende tilbage til grønland som brobyggere, der kunne hjælpe grønland fremad. du blev ikke spurgt, om du ville deltage. ingen fortalte dig, hvad der ventede. og de af jer, der vendte tilbage til grønland, blev endda som en del af forsøget anbragt på børnehjem i nuuk. i mistede kontakten til jeres nærmeste familie, jeres livshistorie og dermed jeres rødder. hele det fundament, som et hvert barn ethvert menneske — — har brug for og krav på. det bør ingen børn udsættes for. jeg kan dårligt forestille mig, hvor ensomt og skræmmende det må have været. -2- vi kan ikke lave om på fortiden, men vi kan forholde os til den. og når jeg gør det, er der ingen tvivl: du fortjener en undskyldning fra danmark. for det som blev gjort og det, der ikke blev gjort. for at blive svigtet af dem, som burde have sat dit — tarv først. jeg ved godt, at et enkelt brev og et enkelt ord ikke kan opveje et helt livs — — afsavn. og det er selvsagt dig, der afgør, om undskyldningen kan bruges i dit videre liv. med de varmeste tanker og den dybeste respekt for alt det, du har kæmpet med, giver jeg dig et uforbeholdent: undskyld! med venlig hilsen "
greenlandic_children_speech_2022,2022,Mette Frederiksen,speech,Greenlandic children 1951,greenlandic_children_speech_2022.pdf,Greenlandic children speech 2022,data/raw/greenlandic_children_speech_2022.pdf,"Statsminister Mette Frederiksens tale ved
undskyldningsarrangement for de grønlandske
børn, som blev sendt til Danmark i 1951, den
9. marts 2022

Det talte ord gælder.



Kære alle sammen.

Hjertelig velkommen.

I dag er en særlig dag.

Jeg har set frem til den.

I dag skal vi ansigt til ansigt sætte ord på det svigt, som 22 grønlandske børn blev udsat for,
for lang tid siden.

I seks, der sidder her foran mig.

Og 16 andre, som desværre ikke er her mere.

                                             ***

Til sommer er det 71 år siden, at I blev sat på et skib mod Danmark.

Mellem 4 og 9 år var I, da I måtte tage afsked med jeres familie og jeres land.

Det var en lang rejse, I blev sendt ud på. Og en fremmed verden, der mødte jer.

Alle børn har brug for og fortjener tryghed og stabilitet. Det var de to ting, man tog fra jer.

I blev gjort til hovedpersoner i et forsøg. Som skulle komme til at mærke mange af jer for
livet.

Ingen spurgte jer, om I ville være med.

Ingen forberedte jer på det, der ventede.

                                             ***
 I blev sendt bort fra jeres hjem og alt det, I kendte.

Og i stedet for at give jer noget. Så blev meget taget fra jer:

Jeres familier. Jeres sprog. Jeres rødder.

Og måske værst af alt: Den følelse af at høre til, som alle mennesker har brug for.

I har fortalt om følelsen af ensomhed. Af at være ”Palle alene i verden.”

Følelsen af at være anderledes. Drillerier og hån.

Oplevelsen af at stå uden for fællesskabet.

Flere af jer har også talt om splittelsen. Rodløsheden. Om ikke rigtigt at være grønlændere.
Og ikke rigtigt være danskere.

I blev fremmede i jeres eget liv, i jeres eget land.

Det tab af familie. Af tilhørsforhold. Af identitet.

Det fortjener intet barn – intet menneske – at opleve.

Jeg forestiller mig, at der er spørgsmål, som har fulgt jer hele livet:

Hvorfor var det lige mig, der blev valgt?

Hvorfor gav min familie mig fra sig?

Hvorfor passede de voksne ikke bedre på mig?

Jeg kan ikke svare på de spørgsmål. Men jeg kan sige noget andet:

Det, I var udsat for, var forkert.

Det var umenneskeligt.

Og det var hjerteløst.

                                               ***

Ingen af os kan lave om på fortiden.

Vi kan ikke gøre alt det dårlige, der skete, godt igen.

Dertil har smerten været for stor.

Men vi kan forholde os til det. Vi kan tage ansvaret på os.
 Og vi kan gøre det, der i mine øjne er det rigtige: Sige undskyld.

Jeg håber jeg, at I kan bruge dagen i dag til at sætte et punktum. Få løftet noget af smerten
fra jeres skuldre.

I var en del af noget, som aldrig skulle have været sket.

Så kære Emil.

Kære Kristine.

Kære Eva.

Kære Helene.

Kære Gabriel.

Og kære Stine.

Jeres fortællinger har berørt os dybt.

Derfor siger Danmark i dag det eneste ord, der er det rigtige at sige:

Undskyld.

Til jer, der er med her i dag. Til jeres pårørende.

Og til de 16, der ulykkeligvis ikke længere er blandt os.

Undskyld for det, der blev gjort.

Undskyld for det, der ikke blev gjort.

Undskyld for alt det, der blev taget fra jer.
","statsminister mette frederiksens tale ved undskyldningsarrangement for de grønlandske børn, som blev sendt til danmark i 1951, den 9. marts 2022 det talte ord gælder. kære alle sammen. hjertelig velkommen. i dag er en særlig dag. jeg har set frem til den. i dag skal vi ansigt til ansigt sætte ord på det svigt, som 22 grønlandske børn blev udsat for, for lang tid siden. i seks, der sidder her foran mig. og 16 andre, som desværre ikke er her mere. *** til sommer er det 71 år siden, at i blev sat på et skib mod danmark. mellem 4 og 9 år var i, da i måtte tage afsked med jeres familie og jeres land. det var en lang rejse, i blev sendt ud på. og en fremmed verden, der mødte jer. alle børn har brug for og fortjener tryghed og stabilitet. det var de to ting, man tog fra jer. i blev gjort til hovedpersoner i et forsøg. som skulle komme til at mærke mange af jer for livet. ingen spurgte jer, om i ville være med. ingen forberedte jer på det, der ventede. *** i blev sendt bort fra jeres hjem og alt det, i kendte. og i stedet for at give jer noget. så blev meget taget fra jer: jeres familier. jeres sprog. jeres rødder. og måske værst af alt: den følelse af at høre til, som alle mennesker har brug for. i har fortalt om følelsen af ensomhed. af at være ”palle alene i verden.” følelsen af at være anderledes. drillerier og hån. oplevelsen af at stå uden for fællesskabet. flere af jer har også talt om splittelsen. rodløsheden. om ikke rigtigt at være grønlændere. og ikke rigtigt være danskere. i blev fremmede i jeres eget liv, i jeres eget land. det tab af familie. af tilhørsforhold. af identitet. det fortjener intet barn – intet menneske – at opleve. jeg forestiller mig, at der er spørgsmål, som har fulgt jer hele livet: hvorfor var det lige mig, der blev valgt? hvorfor gav min familie mig fra sig? hvorfor passede de voksne ikke bedre på mig? jeg kan ikke svare på de spørgsmål. men jeg kan sige noget andet: det, i var udsat for, var forkert. det var umenneskeligt. og det var hjerteløst. *** ingen af os kan lave om på fortiden. vi kan ikke gøre alt det dårlige, der skete, godt igen. dertil har smerten været for stor. men vi kan forholde os til det. vi kan tage ansvaret på os. og vi kan gøre det, der i mine øjne er det rigtige: sige undskyld. jeg håber jeg, at i kan bruge dagen i dag til at sætte et punktum. få løftet noget af smerten fra jeres skuldre. i var en del af noget, som aldrig skulle have været sket. så kære emil. kære kristine. kære eva. kære helene. kære gabriel. og kære stine. jeres fortællinger har berørt os dybt. derfor siger danmark i dag det eneste ord, der er det rigtige at sige: undskyld. til jer, der er med her i dag. til jeres pårørende. og til de 16, der ulykkeligvis ikke længere er blandt os. undskyld for det, der blev gjort. undskyld for det, der ikke blev gjort. undskyld for alt det, der blev taget fra jer. "
spiral_case_2025,2025,Mette Frederiksen,speech,Spiral case,spiral_case_2025.pdf,Spiral case speech 2025,data/raw/spiral_case_2025.pdf,"Statsministerens tale til
undskyldningsarrangement i spiralsagen den
24. september 2025
Kære alle sammen.

I dag er en særlig dag.

Vi skal sætte ord på et svigt, der fik store konsekvenser for grønlandske
piger og kvinder.

Nogle af jer er til stede her i dag.

I er blandt de tusindvis af grønlandske piger og kvinder, der fra 1960’erne
og frem fik spiral.

Mange af jer mod jeres vilje.



                                       ***



Naja Lyberth, du var kun 14 år gammel, da du fik sat en spiral op.

En spiral, der var designet til kvinder, der havde født.

Du har fortalt, at det var ligesom at have knive inde i sig. At staten tog din
mødom.

Og selvom du så, hvordan pigerne i din klasse på skift blev kaldt ind til
lægen. Så var I for skamfulde til at dele det med hinanden.
                                      ***



Hedvig Frederiksen, du har fortalt, at det var forstanderinden på dit
kollegium, der sendte dig til lægen.

I venteværelset så du, hvordan pigerne én efter én kom grædende ud.

Du har fortalt, at du var bange. At du ikke vidste, hvad der skulle ske.

Hvad der skete på lægens briks, har du fortrængt.

Men du husker den knugende stilhed på sovesalen om aftenen.

Og de intense smerter, som fulgte dig i flere år efter.

Her, mere end 50 år senere. Har du stadig svært ved at tale om det.

Det forstår jeg godt.

Tak for at du alligevel har delt din historie. Den er et vigtigt vidnesbyrd.



                                     ***




En tredje af jer. Elisa Christiansen. Har med rette spurgt:

Hvor var sundhedsmyndighederne?

Hvor var staten?

Hvor var de voksne mennesker, der skulle passe på mig?

Virkeligheden var, at det samfund, der skulle beskytte jer.

Det gjorde jer fortræd.
 Flere af jer har fortalt, at I har båret smerten med jer hele livet. Følelsen af
skyld og skam.

At I mistede tilliden til andre mennesker.

Mange af jer har levet med fysiske og psykiske gener.

Og nogle af jer mistede helt evnen til at få børn.

Jeg kan nærmest ikke forestille mig noget mere ulykkeligt.



                                      ***




Det, man tog fra jer dengang, var noget helt fundamentalt.

Og noget, som ingen – ingen! – piger eller kvinder burde fratages.

Nemlig retten til at bestemme over sin egen krop.

Og her et larmende paradoks.

Prævention er for de fleste af os et tegn på frihed. Især for os kvinder.

Muligheden for at undgå uønskede graviditeter.

Men for nogle af jer blev det i stedet ufrihed.

Det, I var udsat for, var en uret.

Det var systematisk forskelsbehandling. Fordi I var grønlændere.

Og det var forkert.
                                       ***




Nogle vil måske spørge: Hvorfor undskylde for noget, der er sket for mere
end 50 år.

Hvad betyder det overhovedet?

Prævention uden samtykke. Prævention beregnet til voksne kvinder, men
brugt på barnets krop. Er forkert.

Det er det, vi markerer i dag.

En undskyldning kan ikke ændre på det, der er sket.

Den kan ikke fjerne den smerte, I hver især har oplevet.

Og den kan ikke give jer det tilbage, som I har mistet.

Men den er en anerkendelse af. At det, I var udsat for, var et svigt. Og nu
tager vi ansvaret fra jeres skuldre.



Mange af jer har kæmpet i flere år.

For retfærdighed.

For at vi skulle lytte.

Og tage ansvaret på os.

Det gør vi nu. Danmark og Grønland i fællesskab.



                                      ***
 Spiralsagen er et kapitel i vores fælles historie, som aldrig skulle have
være skrevet.

Vi ved desværre, at den ikke står alene.

At vores fælles fortid rummer andre historier. Om systematisk
forskelsbehandling. Og manglende respekt.

I dag siger vi undskyld til jer, det er gået ud over.

De grimme sider af historien skal ikke gemmes væk.

Tværtimod.

Vores fortid er fælles. På godt og på ondt.

Og jeg tror ikke, at vi kan få det ligeværdige og ordentlige forhold til
hinanden, som vi ønsker, hvis ikke vi tør at åbne også de mørke kapitler.

Derfor handler den undskyldning, vi giver i dag, ikke kun om fortiden.

Den handler om vores nutid. Om vores fælles fremtid.

Og om den gensidige tillid, der skal være imellem os.

Så når vi står her sammen i dag. Jens-Frederik og jeg. Så er det med et
fælles løfte.

At vi sammen vil arbejde for en ny tid. Med mere respekt. Mere
ligeværdighed. Mere samhørighed.

For jeres skyld. Og for kommende generationer.



                                      ***
 Det siges, at hvis man fortier et spøgelse, vokser det sig større.

I alt for mange år lukkede vi øjnene.

Det gør vi ikke længere.



Kære kvinder. Kære familier. Kære Grønland.

I dag er der kun en rigtig ting at sige til jer.

Undskyld.

Undskyld for den uret, der blev begået mod jer. Fordi I var grønlændere.

Undskyld for det, der blev taget fra jer.

Og for den smerte, det forvoldte.



På vegne af Danmark. Undskyld.
","statsministerens tale til undskyldningsarrangement i spiralsagen den 24. september 2025 kære alle sammen. i dag er en særlig dag. vi skal sætte ord på et svigt, der fik store konsekvenser for grønlandske piger og kvinder. nogle af jer er til stede her i dag. i er blandt de tusindvis af grønlandske piger og kvinder, der fra 1960’erne og frem fik spiral. mange af jer mod jeres vilje. *** naja lyberth, du var kun 14 år gammel, da du fik sat en spiral op. en spiral, der var designet til kvinder, der havde født. du har fortalt, at det var ligesom at have knive inde i sig. at staten tog din mødom. og selvom du så, hvordan pigerne i din klasse på skift blev kaldt ind til lægen. så var i for skamfulde til at dele det med hinanden. *** hedvig frederiksen, du har fortalt, at det var forstanderinden på dit kollegium, der sendte dig til lægen. i venteværelset så du, hvordan pigerne én efter én kom grædende ud. du har fortalt, at du var bange. at du ikke vidste, hvad der skulle ske. hvad der skete på lægens briks, har du fortrængt. men du husker den knugende stilhed på sovesalen om aftenen. og de intense smerter, som fulgte dig i flere år efter. her, mere end 50 år senere. har du stadig svært ved at tale om det. det forstår jeg godt. tak for at du alligevel har delt din historie. den er et vigtigt vidnesbyrd. *** en tredje af jer. elisa christiansen. har med rette spurgt: hvor var sundhedsmyndighederne? hvor var staten? hvor var de voksne mennesker, der skulle passe på mig? virkeligheden var, at det samfund, der skulle beskytte jer. det gjorde jer fortræd. flere af jer har fortalt, at i har båret smerten med jer hele livet. følelsen af skyld og skam. at i mistede tilliden til andre mennesker. mange af jer har levet med fysiske og psykiske gener. og nogle af jer mistede helt evnen til at få børn. jeg kan nærmest ikke forestille mig noget mere ulykkeligt. *** det, man tog fra jer dengang, var noget helt fundamentalt. og noget, som ingen – ingen! – piger eller kvinder burde fratages. nemlig retten til at bestemme over sin egen krop. og her et larmende paradoks. prævention er for de fleste af os et tegn på frihed. især for os kvinder. muligheden for at undgå uønskede graviditeter. men for nogle af jer blev det i stedet ufrihed. det, i var udsat for, var en uret. det var systematisk forskelsbehandling. fordi i var grønlændere. og det var forkert. *** nogle vil måske spørge: hvorfor undskylde for noget, der er sket for mere end 50 år. hvad betyder det overhovedet? prævention uden samtykke. prævention beregnet til voksne kvinder, men brugt på barnets krop. er forkert. det er det, vi markerer i dag. en undskyldning kan ikke ændre på det, der er sket. den kan ikke fjerne den smerte, i hver især har oplevet. og den kan ikke give jer det tilbage, som i har mistet. men den er en anerkendelse af. at det, i var udsat for, var et svigt. og nu tager vi ansvaret fra jeres skuldre. mange af jer har kæmpet i flere år. for retfærdighed. for at vi skulle lytte. og tage ansvaret på os. det gør vi nu. danmark og grønland i fællesskab. *** spiralsagen er et kapitel i vores fælles historie, som aldrig skulle have være skrevet. vi ved desværre, at den ikke står alene. at vores fælles fortid rummer andre historier. om systematisk forskelsbehandling. og manglende respekt. i dag siger vi undskyld til jer, det er gået ud over. de grimme sider af historien skal ikke gemmes væk. tværtimod. vores fortid er fælles. på godt og på ondt. og jeg tror ikke, at vi kan få det ligeværdige og ordentlige forhold til hinanden, som vi ønsker, hvis ikke vi tør at åbne også de mørke kapitler. derfor handler den undskyldning, vi giver i dag, ikke kun om fortiden. den handler om vores nutid. om vores fælles fremtid. og om den gensidige tillid, der skal være imellem os. så når vi står her sammen i dag. jens-frederik og jeg. så er det med et fælles løfte. at vi sammen vil arbejde for en ny tid. med mere respekt. mere ligeværdighed. mere samhørighed. for jeres skyld. og for kommende generationer. *** det siges, at hvis man fortier et spøgelse, vokser det sig større. i alt for mange år lukkede vi øjnene. det gør vi ikke længere. kære kvinder. kære familier. kære grønland. i dag er der kun en rigtig ting at sige til jer. undskyld. undskyld for den uret, der blev begået mod jer. fordi i var grønlændere. undskyld for det, der blev taget fra jer. og for den smerte, det forvoldte. på vegne af danmark. undskyld. "
